hidden unit size, accuracy
482,0.9556000232696533
436,0.9589999914169312
687,0.964900016784668
