hidden unit size, accuracy
505,0.9641000032424927
308,0.955299973487854
67,0.9362999796867371
264,0.9592000246047974
37,0.9567999839782715
238,0.963100016117096
655,0.9634000062942505
353,0.95660001039505
867,0.9581000208854675
256,0.9632999897003174
