hidden unit size, accuracy
344,0.9606999754905701
552,0.9671000242233276
724,0.9595999717712402
783,0.9692000150680542
883,0.9675999879837036
971,0.9645000100135803
442,0.9628999829292297
567,0.9607999920845032
896,0.9629999995231628
453,0.9485999941825867
