hidden unit size, accuracy
774,0.9642000198364258
634,0.9678999781608582
976,0.9693999886512756
769,0.9491999745368958
356,0.9627000093460083
82,0.9620000123977661
892,0.9639999866485596
418,0.9674999713897705
260,0.9592000246047974
919,0.9589999914169312
