hidden unit size, accuracy
216,0.963100016117096
542,0.9678000211715698
679,0.9587000012397766
910,0.9639000296592712
476,0.9661999940872192
994,0.9628999829292297
135,0.9567999839782715
22,0.944599986076355
693,0.9571999907493591
362,0.9641000032424927
