hidden unit size, accuracy
699,0.9648000001907349
860,0.9635999798774719
42,0.9474999904632568
98,0.9606000185012817
451,0.9627000093460083
859,0.9585000276565552
814,0.9628999829292297
923,0.9581999778747559
331,0.9552000164985657
911,0.9679999947547913
