hidden unit size, accuracy
542,0.9602000117301941
243,0.9491000175476074
600,0.9589999914169312
328,0.9649999737739563
665,0.9664000272750854
865,0.9627000093460083
793,0.9595000147819519
517,0.9686999917030334
692,0.9646000266075134
415,0.9609000086784363
