hidden unit size, accuracy
836,0.9645000100135803
457,0.95660001039505
870,0.9679999947547913
666,0.9642999768257141
194,0.9617999792098999
235,0.9627000093460083
701,0.9681000113487244
111,0.9531000256538391
658,0.9667999744415283
578,0.9632999897003174
