hidden unit size, accuracy
662,0.9605000019073486
763,0.9659000039100647
941,0.9483000040054321
420,0.9642000198364258
280,0.9638000130653381
241,0.9657999873161316
384,0.96670001745224
212,0.9580000042915344
722,0.9675999879837036
477,0.9634000062942505
