hidden unit size, accuracy
840,0.9620000123977661
310,0.9569000005722046
155,0.9553999900817871
603,0.9653000235557556
171,0.9599000215530396
979,0.9648000001907349
114,0.9574999809265137
306,0.9571999907493591
467,0.9589999914169312
30,0.9506000280380249
