hidden unit size,expected accuracy, margin of error
708,0.91425,0.020059328669391346
328,0.898525,0.0227893798365233
308,0.9138999999999999,0.007658981655546623
988,0.913025,0.02015810424287626
