hidden unit size,expected accuracy, margin of error
519,0.9187000000000001,0.017000000000000015
260,0.9113,0.010799999999999919
