hidden unit size,accuracy
272,0.9678000211715698
672,0.964900016784668
801,0.9625999927520752
307,0.9639999866485596
524,0.9495000243186951
290,0.9663000106811523
294,0.9649999737739563
722,0.9678999781608582
351,0.9613000154495239
390,0.9610000252723694
